,Train,Validation,Test
MSE,279506.7498936164,284994.18539529655,231056.82746680497
RMSE,528.6839792291955,533.8484666975232,480.6837083434438
MAE,292.9144615893574,304.0757307381007,285.2814939759694
R2,0.7506949519865218,0.7315752462673448,0.6716051238918244
MAPE,39.812838872213796,32.77357533792629,41.961374786629705
